cc_number,holder_name,expiry_date,owner
5002355088891820,Carita O'Callaghan,2022-04-05,cocallaghan0@linkedin.com
3533024401732029,Dominique Tabbernor,2021-07-22,dtabbernor1@weebly.com
3577074548829458,Leoline Ivankin,2021-12-01,livankin2@google.cn
6767353880574184,Vivia Elmer,2021-10-31,velmer3@google.es
5573728092961343,Layney Bilham,2021-08-01,lbilham4@mozilla.com
3534883329239220,Claybourne Westwood,2021-06-30,cwestwood5@hc360.com
4041375344579,Ede Oldfield,2021-08-08,eoldfield6@telegraph.co.uk
3577625096561767,Albert Balassa,2022-04-03,abalassa7@thetimes.co.uk
3557170762781104,Valery Beech,2021-06-07,vbeech8@addthis.com
5020747480485763,Edmon Zannetti,2021-07-02,ezannetti9@webs.com
3538909068593828,Elfie Beeho,2021-09-22,ebeehoa@msn.com
4844973939736716,Noby Caren,2021-07-20,ncarenb@prnewswire.com
4026491293690148,Georgeanna McMahon,2021-11-18,gmcmahonc@usnews.com
5602212031891312,Gracia Greenough,2021-10-27,ggreenoughd@free.fr
5108757443388215,Essy Really,2022-04-05,ereallye@nasa.gov
5010127940219072,Emmi McGiven,2021-05-27,emcgivenf@bloglovin.com
6304659875484836936,Gael Mangam,2022-01-31,gmangamg@wisc.edu
3543660962863212,Clementius Sinkinson,2022-04-01,csinkinsonh@cyberchimps.com
3543733809763984,Reider Anan,2021-07-21,ranani@nifty.com
675912226478939835,Isaiah Macellar,2021-07-08,imacellarj@wix.com
3570124379884770,Nicky Molnar,2021-09-09,nmolnark@indiegogo.com
5007664769708152,Fredra Ducham,2021-10-19,fduchaml@globo.com
3561289476370022,Angelica Gouth,2022-01-05,agouthm@so-net.ne.jp
675953801539835675,Francklin Melarkey,2022-01-19,fmelarkeyn@amazonaws.com
3573061246856424,Belvia Arons,2022-03-09,baronso@cbc.ca
30390904625166,Kaia Forman,2021-12-09,kformanp@cam.ac.uk
5236065261937682,Dot Bagot,2021-05-31,dbagotq@1688.com
3540450745002640,Tabbi Romeril,2021-08-04,tromerilr@cbslocal.com
3559115844508171,Marvin Chicchelli,2021-10-14,mchicchellis@slideshare.net
201464698527467,Barbabra Veitch,2021-07-25,bveitcht@smh.com.au
560222368569261965,Lonnie Scotchmur,2021-06-25,lscotchmuru@tuttocitta.it
3570133409793521,Lockwood Bohman,2022-02-24,lbohmanv@behance.net
677105796063680427,Dermot Dawber,2021-06-23,ddawberw@vimeo.com
5602237237593578,Lana Storms,2021-12-13,lstormsx@ebay.co.uk
6761988290346686995,Sammy Jermy,2022-02-20,sjermyy@nba.com
3569701433090701,Wainwright Camidge,2022-02-18,wcamidgez@51.la
560221814565797545,Waylon Beeby,2021-11-03,wbeeby10@mlb.com
4905727313386621,Averell Mewburn,2021-08-15,amewburn11@infoseek.co.jp
348137512416760,Charmine Philipp,2021-06-05,cphilipp12@bbb.org
5602221472160236,Florenza Baggaley,2022-03-22,fbaggaley13@ed.gov
50203126741636735,Ally Errey,2021-05-22,aerrey14@yellowpages.com
3543700176888546,Wyatan Saenz,2021-08-28,wsaenz15@themeforest.net
3541925748198734,Misty Brace,2021-09-10,mbrace16@amazon.de
501833570691771671,Neddy Mulles,2022-01-22,nmulles17@blinklist.com
3583796083699316,Chrystal Rudinger,2022-04-04,crudinger18@microsoft.com
5400527470687168,Evonne Kalinsky,2021-08-02,ekalinsky19@typepad.com
3532068935650158,Lorettalorna Bartol,2022-03-25,lbartol1a@pcworld.com
0604953546668575671,Miltie Rosgen,2021-08-29,mrosgen1b@gizmodo.com
3561154772501375,Christos Clunan,2021-09-08,cclunan1c@hibu.com
5602219095811564140,Olga McShirrie,2021-09-12,omcshirrie1d@hostgator.com
3589454489266819,Burlie Cowins,2021-07-10,bcowins1e@slate.com
5380200551052660,Charyl Lindell,2021-10-24,clindell1f@pcworld.com
201421710805768,Pippy Cosgrave,2021-09-04,pcosgrave1g@desdev.cn
3577113098274093,Alberto Gethyn,2022-01-01,agethyn1h@phpbb.com
5183507194147205,Gussy Outibridge,2021-05-31,goutibridge1i@stumbleupon.com
560222612013353021,Fred Comelini,2021-07-19,fcomelini1j@sfgate.com
3531288010156860,Sara-ann Casperri,2022-03-14,scasperri1k@msn.com
5315362408969262,Rolland Merriton,2022-04-06,rmerriton1l@ted.com
50184293137071191,Leonora Lowing,2021-07-30,llowing1m@washington.edu
3565298498984872,Galven Blackham,2021-08-15,gblackham1n@bigcartel.com
374622007762866,Cristionna Ross,2022-02-09,cross1o@goo.ne.jp
3584101211257419,Aguste Uttridge,2021-09-22,auttridge1p@myspace.com
3549261459720215,Dewain Stuttard,2021-07-02,dstuttard1q@creativecommons.org
3562423148961202,Gabriel MacVicar,2022-04-02,gmacvicar1r@senate.gov
5549040416378357,Dione Eastup,2022-01-10,deastup1s@nymag.com
30445964590518,Allissa Whorall,2021-07-23,awhorall1t@pen.io
3535999581940831,Bel Kinnin,2021-09-05,bkinnin1u@dion.ne.jp
374283589085729,Clarine Fifoot,2022-03-06,cfifoot1v@europa.eu
3578781258457960,Evelin Raycroft,2021-11-21,eraycroft1w@sitemeter.com
4017959625518,Petronella Lannen,2022-01-03,plannen1x@mediafire.com
6759756100367074,Penrod Gebuhr,2021-06-10,pgebuhr1y@reuters.com
3566197724334622,Jessey Lockitt,2021-06-05,jlockitt1z@java.com
4913229649814343,Debera Griffin,2022-02-01,dgriffin20@hugedomains.com
4913657748305609,Gabriele O'Fallone,2022-03-29,gofallone21@typepad.com
3564546312133410,Filide Maudett,2022-04-04,fmaudett22@moonfruit.com
3547828582696108,Michaella Steffens,2021-12-19,msteffens23@paypal.com
560221982010796337,Lucy Vizard,2021-12-20,lvizard24@blinklist.com
3540101858315945,Gerik Palfreyman,2021-06-03,gpalfreyman25@fema.gov
36972073578062,Ban Revey,2021-08-30,brevey26@over-blog.com
3553902713518001,Valery Struan,2021-12-16,vstruan27@economist.com
06044562771456450,Jen Wolters,2021-11-20,jwolters28@over-blog.com
6767466034669922,Lydon Hedylstone,2021-12-13,lhedylstone29@nhs.uk
5505930624626690,La verne Chatteris,2021-05-28,lverne2a@vimeo.com
3587125962416509,Jacynth Biggerstaff,2021-10-27,jbiggerstaff2b@mit.edu
5010127831482136,Meg Sancias,2022-01-14,msancias2c@multiply.com
374622172061433,Valencia Scotts,2022-04-12,vscotts2d@sourceforge.net
3538124688891608,Helga Seniour,2021-06-23,hseniour2e@skype.com
3578792291471272,Nan Scheffel,2021-10-20,nscheffel2f@e-recht24.de
5602254921948141,Geneva Arkin,2021-05-25,garkin2g@ted.com
3528587966825567,Garnet Eden,2021-08-03,geden2h@webs.com
3563587276335634,Alain Jurewicz,2022-03-23,ajurewicz2i@theatlantic.com
3577973195274324,Isiahi Warlock,2021-06-26,iwarlock2j@github.io
67623733620789216,Linoel Greenhouse,2021-12-22,lgreenhouse2k@technorati.com
3529806472229216,Darcee Held,2021-06-01,dheld2l@blogtalkradio.com
3566307431357440,Ernest Kruse,2021-09-24,ekruse2m@bandcamp.com
3579040856920203,Georgetta Sugar,2022-04-01,gsugar2n@skyrock.com
374283474170586,Esmaria Measures,2022-03-02,emeasures2o@creativecommons.org
30021814253225,Araldo Seeks,2021-06-24,aseeks2p@yale.edu
6389681654602361,Elisa Billyard,2021-06-27,ebillyard2q@amazonaws.com
5602251035709034789,Maureen Jillings,2021-11-11,mjillings2r@geocities.com
50189895809219463,Wylie Brusin,2022-01-01,wbrusin2s@cdc.gov
3540885858955029,Cecilla Wicken,2021-07-11,cwicken2t@usnews.com
3575132855190302,Hillard Petyakov,2021-08-15,hpetyakov2u@google.co.jp
490599646098434012,Fernanda Auchterlony,2022-02-21,fauchterlony2v@behance.net
6382123551663631,Britta O'Heyne,2022-02-17,boheyne2w@odnoklassniki.ru
3549854882897483,Joletta Wolton,2021-06-23,jwolton2x@amazonaws.com
3554852346740846,Trina Yuranovev,2021-07-11,tyuranovev2y@sciencedirect.com
3584397072640012,Rosabella Strotone,2021-07-26,rstrotone2z@vk.com
3566447075346935,Emile Kelbie,2021-08-04,ekelbie30@tumblr.com
5409115422730129,Winne Chattaway,2022-01-19,wchattaway31@ezinearticles.com
3579341719262761,Vivian Burgott,2021-08-02,vburgott32@dedecms.com
3558701613397994,Jaymee Estcourt,2021-07-21,jestcourt33@people.com.cn
3544454247469550,Fredi Bedome,2021-09-12,fbedome34@theglobeandmail.com
347460319511570,Boonie Linden,2021-11-16,blinden35@nationalgeographic.com
30016370803579,Joyann Baldree,2021-09-07,jbaldree36@mashable.com
630465836065601600,Shelden Gayton,2021-05-19,sgayton37@shutterfly.com
36477523802823,Gardner Dudden,2021-10-04,gdudden38@webmd.com
3531481621383060,Milton Housecroft,2021-05-23,mhousecroft39@nature.com
3544273402559918,Regina Jeger,2021-06-08,rjeger3a@tamu.edu
4175006665910111,Garnette Rattry,2021-09-22,grattry3b@symantec.com
201741020151904,Shelby Laurand,2022-03-16,slaurand3c@alexa.com
5048374926345358,Ephrayim Gorges,2022-03-30,egorges3d@europa.eu
3566988351730441,Myles Watsham,2021-10-15,mwatsham3e@cam.ac.uk
5048375070975080,Farris Jenkison,2021-11-18,fjenkison3f@csmonitor.com
56022351495753538,Alyse Challener,2021-05-20,achallener3g@about.me
201491720014206,Esdras Board,2022-01-16,eboard3h@storify.com
3547675340753956,Cariotta Bly,2021-11-21,cbly3i@wix.com
3547872976487757,Romain Mate,2022-01-10,rmate3j@wp.com
5010122203182786,Adriaens Tiplady,2022-04-02,atiplady3k@hibu.com
6767209706193452231,Stacey Darnell,2022-02-21,sdarnell3l@multiply.com
5602246959847807,Westbrook Scrane,2022-01-08,wscrane3m@java.com
3563190713022202,Hoebart Blasoni,2021-10-12,hblasoni3n@phpbb.com
6331101617336915,Diane Ruggs,2021-08-20,druggs3o@mac.com
4508510878052817,Duffy Deamer,2022-03-28,ddeamer3p@nifty.com
3559641482848645,Byram Noye,2022-03-04,bnoye3q@reddit.com
3554325344490185,Perice Zanicchelli,2021-11-30,pzanicchelli3r@shareasale.com
3535124276731755,Nanny Learman,2022-03-14,nlearman3s@gnu.org
58935859230866995,Morton Prene,2021-10-18,mprene3t@guardian.co.uk
6331100378949395,Gerrard Rosiello,2022-01-10,grosiello3u@stumbleupon.com
5048377585492122,Essa Kuhne,2021-09-07,ekuhne3v@admin.ch
343506805759802,Valina Eye,2021-11-26,veye3w@bing.com
4905733907327658,Tobey Labes,2021-08-14,tlabes3x@businessinsider.com
3548834512829719,Jenn Porch,2021-10-23,jporch3y@sohu.com
6763806566156758933,Maxy Leving,2022-03-07,mleving3z@github.io
3581894596121811,Dedra Boshier,2022-03-14,dboshier40@mashable.com
3585041022537261,Oneida Meletti,2021-12-23,omeletti41@ifeng.com
503851421230045560,Rhodia Jossum,2021-05-22,rjossum42@miibeian.gov.cn
490598571030579537,Billi Speers,2021-12-24,bspeers43@rediff.com
5100146065662479,Kristina Yegorov,2021-07-14,kyegorov44@desdev.cn
5641825592776540,Norine Carman,2021-10-10,ncarman45@theglobeandmail.com
3589211183564463,Corliss Sambrook,2022-02-13,csambrook46@bravesites.com
6333009062487478703,Pru Albertson,2021-12-08,palbertson47@npr.org
3561057140354684,Alexa Hathorn,2022-03-13,ahathorn48@xing.com
3576442078350693,Fan Chettoe,2021-11-17,fchettoe49@blog.com
3540540934021029,Jeffy Bowbrick,2022-02-12,jbowbrick4a@liveinternet.ru
4936860173030970243,Randene Crosier,2021-11-03,rcrosier4b@utexas.edu
5048370458680881,Tabby Mundle,2021-09-13,tmundle4c@barnesandnoble.com
3553015572433582,Nicolina Piser,2021-12-21,npiser4d@ox.ac.uk
3541375225060546,Woody Agronski,2022-01-07,wagronski4e@parallels.com
6706516491211978170,Clo Benley,2021-10-21,cbenley4f@sun.com
5602233663039871,Elvyn Scaice,2022-02-20,escaice4g@cisco.com
3569229507324491,Urbain Maiden,2021-10-23,umaiden4h@lycos.com
3533173549981400,Joaquin Curds,2022-03-28,jcurds4i@sitemeter.com
5002353952359313,Celle McSperrin,2022-02-23,cmcsperrin4j@springer.com
0604428224499102803,Othella Menlow,2022-02-16,omenlow4k@vinaora.com
3550988432395683,Prudence Vandrill,2021-11-01,pvandrill4l@columbia.edu
564182417128518124,Dee dee Moulton,2021-07-08,ddee4m@harvard.edu
5100144549790966,Jerry Kernock,2022-01-18,jkernock4n@reuters.com
4026562798165255,Justino Brauninger,2021-07-29,jbrauninger4o@woothemes.com
3573042479929005,Mira Kinder,2022-02-21,mkinder4p@ft.com
372301296966668,Angelle Simonin,2021-05-29,asimonin4q@uiuc.edu
0604943710970174374,Eugen Januszkiewicz,2022-03-29,ejanuszkiewicz4r@prlog.org
30318020376018,Sheela Shambrooke,2022-02-20,sshambrooke4s@businesswire.com
4017954907511258,Uriah Osipenko,2021-07-23,uosipenko4t@woothemes.com
4405173411162108,Lovell Weetch,2022-01-19,lweetch4u@domainmarket.com
5527248304922345,Jasmina Ocheltree,2022-01-02,jocheltree4v@admin.ch
3559377778059536,Rafferty Birmingham,2021-08-25,rbirmingham4w@blinklist.com
3565768054892578,Joleen Durrant,2021-10-07,jdurrant4x@ehow.com
56022529312716230,Nisse De Vaux,2022-04-14,nde4y@vkontakte.ru
201577619967916,Clerc Ingleton,2022-03-01,cingleton4z@altervista.org
56102315822821014,Valdemar Steer,2021-06-19,vsteer50@weebly.com
5641823781349716,Roxie McGougan,2021-11-27,rmcgougan51@ameblo.jp
5234037230639717,Broddie Dundon,2021-09-26,bdundon52@wikispaces.com
3541351091065216,Flinn McMarquis,2021-05-22,fmcmarquis53@fema.gov
3569697905985172,Waylin Carlsen,2021-06-20,wcarlsen54@sina.com.cn
4913675801632289,Jayme Nary,2021-07-20,jnary55@nbcnews.com
4905440168729784,Mabelle Nulty,2021-11-30,mnulty56@google.cn
3567774772769237,Brenda Haylett,2021-08-02,bhaylett57@usatoday.com
6372526404063878,Danella Balch,2022-02-17,dbalch58@boston.com
3552012942867111,Marlena Cucuzza,2021-08-17,mcucuzza59@google.ru
3529494400976404,Cynthea Brangan,2021-07-16,cbrangan5a@cbslocal.com
6759980893008063,Lonna Leak,2021-06-04,lleak5b@gnu.org
677177849290923848,Danell Constable,2021-08-03,dconstable5c@moonfruit.com
4844414253350537,Asa Gundry,2021-07-11,agundry5d@eepurl.com
3573806030436506,Wendye Treagust,2021-07-31,wtreagust5e@ocn.ne.jp
4175001876227298,Meghan Sheircliffe,2021-10-10,msheircliffe5f@noaa.gov
3577260011345482,Ritchie McIllrick,2022-02-14,rmcillrick5g@wunderground.com
5100149845366833,Lane Pfeffle,2021-12-22,lpfeffle5h@xrea.com
346420450700615,Elisha Dunford,2022-04-01,edunford5i@techcrunch.com
5602244805286072,Claribel Bruinemann,2021-10-05,cbruinemann5j@hibu.com
3536780340680465,Fenelia Dacres,2021-10-13,fdacres5k@businesswire.com
5002355093787955,Eben Robecon,2021-10-07,erobecon5l@noaa.gov
3584496329982043,Ernesta Brunelli,2022-01-04,ebrunelli5m@domainmarket.com
5893483941329031680,Donelle Wanell,2021-10-01,dwanell5n@moonfruit.com
6378035753787644,Andriette Lytton,2021-11-03,alytton5o@cpanel.net
374622990318478,Jereme Cogswell,2021-11-07,jcogswell5p@telegraph.co.uk
3536554451925856,Nefen Stannett,2022-03-06,nstannett5q@storify.com
5020655752303251,Jess Bissill,2022-01-28,jbissill5r@slideshare.net
630437088504293681,Lilith Vlasenko,2021-10-12,lvlasenko5s@patch.com
5557754765945645,Darlene Wollard,2022-01-24,dwollard5t@netvibes.com
5002357410732276,Roda Benns,2022-03-01,rbenns5u@alibaba.com
3586578127770288,Wyndham Bonner,2021-12-14,wbonner5v@tuttocitta.it
3563900703163794,Babbette Caldes,2021-07-22,bcaldes5w@sakura.ne.jp
201772903192103,Janie Lapidus,2022-03-14,jlapidus5x@hp.com
5175254813733244,Carmine Rodge,2021-11-22,crodge5y@scientificamerican.com
378547166573869,Alvina Vala,2022-01-19,avala5z@istockphoto.com
491130495770140628,Siana Whyke,2021-10-28,swhyke60@mit.edu
3574999886579633,Rowena Redd,2021-06-12,rredd61@addtoany.com
67095843235245543,Anthiathia Edlestone,2021-12-23,aedlestone62@bluehost.com
5602245861909671,Scarlet Style,2022-01-03,sstyle63@yahoo.co.jp
6771140531787090138,Alec Sibary,2022-03-11,asibary64@nature.com
201762005646742,Vivianne Willshee,2022-04-18,vwillshee65@hp.com
201691945084203,Alexandre Ebanks,2021-07-31,aebanks66@adobe.com
3536940502737277,Janeta Silverwood,2021-07-30,jsilverwood67@goodreads.com
67596408901615553,Melly Yakubovics,2021-12-16,myakubovics68@artisteer.com
30384488830227,Lesly Batten,2021-10-26,lbatten69@shop-pro.jp
5602231000461519,Emilee Eaglestone,2022-02-28,eeaglestone6a@ovh.net
676357861491816733,Maddalena Bogeys,2022-04-13,mbogeys6b@miibeian.gov.cn
675961534821682089,Esra Boothroyd,2021-11-07,eboothroyd6c@smugmug.com
5641829110873873030,Liliane Fawdry,2022-02-05,lfawdry6d@columbia.edu
3562985554843934,Benny Simmans,2022-01-17,bsimmans6e@utexas.edu
3534591059890803,Deirdre Mabbott,2022-04-16,dmabbott6f@dmoz.org
633110574276793501,Karna Spong,2021-05-22,kspong6g@whitehouse.gov
3539689109347579,Kimble Gorsse,2022-03-28,kgorsse6h@census.gov
3559664781216298,Bourke Jellico,2022-01-11,bjellico6i@bravesites.com
5497294646384485,Derick Pavier,2021-06-06,dpavier6j@photobucket.com
30436168095883,Gertrud Stoven,2022-03-22,gstoven6k@yellowbook.com
670987889848397645,Kandy Checo,2021-08-15,kcheco6l@army.mil
3575976539123604,Dianna Izachik,2021-05-27,dizachik6m@dmoz.org
5343878299664122,Janna Erwin,2022-01-07,jerwin6n@unicef.org
5490593266933993,Ody Babcock,2021-06-29,obabcock6o@baidu.com
4017955437447,Carolina Keig,2021-10-08,ckeig6p@ycombinator.com
3570097068371939,Addy Seakings,2021-08-08,aseakings6q@biglobe.ne.jp
502033576258726129,Cleavland Moreman,2021-09-21,cmoreman6r@infoseek.co.jp
3579589054118184,Aristotle Conkay,2021-12-01,aconkay6s@nyu.edu
6387163160694184,Amandi Shakeshaft,2022-01-22,ashakeshaft6t@google.de
3545845074902077,Tab Adriaan,2021-06-29,tadriaan6u@pbs.org
5602221024987243,Augy Sier,2021-10-03,asier6v@skype.com
5018228016753242,Meggy Joplin,2022-02-26,mjoplin6w@examiner.com
63042774388970467,Harlin Poon,2021-10-30,hpoon6x@geocities.com
3571254824435438,Austin Sighart,2021-09-01,asighart6y@studiopress.com
3580122843095625,Giacomo Twell,2022-03-11,gtwell6z@sphinn.com
3537060845900059,Hyacinthe Hawksworth,2022-03-04,hhawksworth70@posterous.com
4508266119138051,Chico Maddicks,2021-10-12,cmaddicks71@webmd.com
201408514150384,Tasha Sinnatt,2022-01-29,tsinnatt72@ucoz.ru
30352170630791,Olivier Bartkiewicz,2021-07-26,obartkiewicz73@xing.com
5602236931006796,Sigfrid Benoist,2021-09-04,sbenoist74@ameblo.jp
6761097446769103,Fair Thor,2022-04-08,fthor75@goo.gl
5602224337037086,Rafaellle Curds,2021-09-27,rcurds76@marriott.com
6373755520341665,Chandal Larking,2021-08-19,clarking77@craigslist.org
6759335143443927834,Jo ann Vakhrushev,2021-05-25,jann78@amazon.com
4175000701289291,Sigismund Klug,2022-01-23,sklug79@blogs.com
4913695071035682,Sharona Raine,2021-07-20,sraine7a@nifty.com
4041598575313867,Eddy De Roos,2021-09-01,ede7b@arizona.edu
3528673832366554,Brietta Frill,2021-12-30,bfrill7c@newyorker.com
3547779143757279,Monica Bullerwell,2022-04-04,mbullerwell7d@simplemachines.org
3563618498787201,Chaim Denerley,2021-10-05,cdenerley7e@cdc.gov
3552916439832687,Romola Grishaev,2022-02-01,rgrishaev7f@vimeo.com
6709450499246831,Leisha Wadforth,2021-08-06,lwadforth7g@istockphoto.com
3574978466068647,Letizia Scully,2022-02-27,lscully7h@slideshare.net
0604261033559615178,Matteo Clapison,2021-05-25,mclapison7i@google.cn
4175009165902307,Elset Luparti,2021-08-17,eluparti7j@oracle.com
3542576920530621,Gardiner Grigoriev,2021-06-06,ggrigoriev7k@google.com.au
3550174951430587,Ahmad Turfs,2021-11-21,aturfs7l@google.co.jp
5602247092370657,Rhea Dawtrey,2021-11-10,rdawtrey7m@alexa.com
5602214255470526,Electra Janota,2021-12-19,ejanota7n@time.com
5176433073974560,Nataniel Farlham,2022-03-01,nfarlham7o@unesco.org
63047071283630949,Gilli Kief,2021-09-06,gkief7p@behance.net
3579513304953141,Alyosha Sherwell,2022-01-21,asherwell7q@economist.com
3535673952289652,Denna Storrar,2021-11-28,dstorrar7r@unc.edu
3561974746860320,Irvin Winsley,2021-06-18,iwinsley7s@scientificamerican.com
3557367141583454,Bambie Hilley,2021-12-20,bhilley7t@facebook.com
5610455984522489,Barbaraanne Besset,2021-07-21,bbesset7u@constantcontact.com
6334128374573916,Torre Templar,2022-02-10,ttemplar7v@auda.org.au
3549335993537531,Fredelia Hindes,2022-02-20,fhindes7w@telegraph.co.uk
5552228896009022,Keane Trainor,2022-04-19,ktrainor7x@msu.edu
5208671460679928,Bliss Rivlin,2022-03-11,brivlin7y@360.cn
6395687482716168,Johnathon Simonetti,2022-01-26,jsimonetti7z@foxnews.com
374283880881123,Max Lodeke,2021-08-03,mlodeke80@wunderground.com
5602234145492787,Gabriel Beadle,2022-02-28,gbeadle81@tripadvisor.com
3564913790374645,Peria Down,2021-06-26,pdown82@hao123.com
3535987751086204,Kathlin Franchi,2021-12-21,kfranchi83@woothemes.com
3541856643184513,Lotty Roubay,2021-11-02,lroubay84@usda.gov
3565590122280309,Ania Ainslie,2021-10-16,aainslie85@webeden.co.uk
3561679164328904,Beryl Ferronel,2021-06-19,bferronel86@aol.com
30293499916661,Isa Walles,2022-02-23,iwalles87@toplist.cz
4913789872491978,Cary Harriot,2021-10-09,charriot88@domainmarket.com
3552947969613742,Tymothy Dales,2021-11-04,tdales89@dropbox.com
3589794352767009,Chance Blacksell,2021-05-28,cblacksell8a@jugem.jp
3550681245528794,Augustus Rowatt,2021-06-18,arowatt8b@tripadvisor.com
3532172178091755,Lily Autin,2021-12-28,lautin8c@china.com.cn
3554965092942638,Vincenz Conen,2021-12-21,vconen8d@senate.gov
5108757445694008,Kesley Saveall,2022-01-08,ksaveall8e@hatena.ne.jp
3555106834211193,Liane Keattch,2021-09-12,lkeattch8f@cnet.com
3583096019672903,Kellie Woodthorpe,2021-06-14,kwoodthorpe8g@pcworld.com
3577239607948768,Ronna Killshaw,2022-01-26,rkillshaw8h@ycombinator.com
36501416903347,Koenraad Lattimer,2021-05-31,klattimer8i@squidoo.com
3563325110802125,Cart Stangroom,2021-11-11,cstangroom8j@cornell.edu
3532369492309687,Dorree Bazely,2021-09-20,dbazely8k@about.com
374283869765768,Ashely Keenlayside,2021-06-28,akeenlayside8l@163.com
560225527203535111,Cheston Casassa,2022-01-06,ccasassa8m@apache.org
374283281467712,Edmund De Cleyne,2022-03-24,ede8n@indiatimes.com
4905106508141507,Rachele Attiwill,2021-06-18,rattiwill8o@bbc.co.uk
3548191656896289,Bibbie Gready,2022-01-22,bgready8p@geocities.jp
374283647311703,Fred Dobrowlski,2022-02-05,fdobrowlski8q@usatoday.com
3565630698395683,Hadleigh Ledford,2021-06-15,hledford8r@friendfeed.com
201938599562889,Aymer Crick,2021-07-29,acrick8s@hud.gov
3563446531986717,Della Pratty,2021-08-27,dpratty8t@amazon.de
5007661019910596,Patric Landells,2021-12-07,plandells8u@theglobeandmail.com
3538233610110415,Eldredge Crowest,2022-03-25,ecrowest8v@so-net.ne.jp
6762474298849227661,Wynny Gardner,2022-03-28,wgardner8w@tumblr.com
56022379101065229,Darbie Bruin,2021-10-11,dbruin8x@bloglovin.com
201431133317168,Arte Hoppner,2022-02-17,ahoppner8y@wunderground.com
3575327805880065,Mayer Fairholme,2022-01-13,mfairholme8z@nationalgeographic.com
3574037050593773,Perry Goracci,2021-07-18,pgoracci90@harvard.edu
5020269882648302,Michaela Bestwall,2021-06-08,mbestwall91@youtube.com
491133087384089098,Raven Hauch,2022-01-25,rhauch92@tamu.edu
30594555594247,Whit Trehearne,2021-09-10,wtrehearne93@google.fr
5602214195556038,Audie Schleicher,2021-10-19,aschleicher94@cafepress.com
3588070285419674,Bryana Colliard,2022-04-07,bcolliard95@gizmodo.com
676254300771068552,Aurie Leonardi,2021-07-15,aleonardi96@purevolume.com
3578113991818482,Jerrie Powner,2022-01-06,jpowner97@scribd.com
3539486366822745,Nealson Mackelworth,2022-02-09,nmackelworth98@wufoo.com
3534347210744102,Courtney Faulkener,2022-01-01,cfaulkener99@goodreads.com
342205118040015,Hamlen Roiz,2022-02-23,hroiz9a@cyberchimps.com
630446505328379841,Madelena Coupman,2021-09-06,mcoupman9b@indiatimes.com
3562420161933282,Karoline Sidle,2022-01-04,ksidle9c@github.com
5007660147405388,Perl MacNeilage,2021-09-11,pmacneilage9d@digg.com
4917758299499563,Benjy Kybbye,2021-05-21,bkybbye9e@seesaa.net
3572865944725751,Velma Redihough,2021-10-20,vredihough9f@cnbc.com
3557006834478107,Carley Grevel,2021-11-28,cgrevel9g@squidoo.com
201831114355527,Suzie Trowler,2021-09-23,strowler9h@princeton.edu
676390442168037181,Armstrong Ellingham,2021-09-08,aellingham9i@blinklist.com
5424868586606839,Tamera Wolffers,2021-06-17,twolffers9j@dmoz.org
30240131535797,Winny Graffin,2021-06-09,wgraffin9k@indiegogo.com
4905992833436105225,Corinne Bradd,2022-03-13,cbradd9l@merriam-webster.com
58931432868082873,Briggs Lugg,2022-03-05,blugg9m@scribd.com
201557171506146,Heida Mohammed,2021-08-24,hmohammed9n@ameblo.jp
4917787726112044,Jennie Rugge,2022-03-02,jrugge9o@bloglines.com
3539102664420880,Cornelia Ghidelli,2021-11-21,cghidelli9p@ustream.tv
67093857224008656,Wylie Bernon,2021-09-08,wbernon9q@examiner.com
3533607554061293,Bay Chesson,2021-09-18,bchesson9r@icio.us
5100176582416968,Bryn Marcone,2021-06-02,bmarcone9s@oaic.gov.au
3562215801986454,Genia Cheese,2021-12-28,gcheese9t@patch.com
201692357833525,Raffarty Bruinemann,2021-10-17,rbruinemann9u@pbs.org
633421768445042758,Arnie Glanz,2022-03-23,aglanz9v@disqus.com
5602230564369258,Des Cuel,2021-07-17,dcuel9w@google.ru
5602233539086858,Pat Garnsworth,2021-10-11,pgarnsworth9x@constantcontact.com
3572887020330447,Temple Franiak,2021-11-04,tfraniak9y@mapy.cz
4405573223588764,Felizio Tuddall,2021-05-19,ftuddall9z@jigsy.com
3572935784718446,Raffaello Blonfield,2021-06-03,rblonfielda0@whitehouse.gov
5610290012772347,Eolande Vannozzii,2021-06-03,evannozziia1@stanford.edu
30022747785762,Jonathan Keasley,2021-11-16,jkeasleya2@1und1.de
5602226962717189,Lizette O'Henecan,2022-03-26,lohenecana3@mapquest.com
6767192989374981165,Baird Shale,2021-09-07,bshalea4@wired.com
201952092433506,Lavinia Swidenbank,2021-09-19,lswidenbanka5@nationalgeographic.com
564182008267626917,Harper Cullinan,2021-06-21,hcullinana6@addthis.com
5602246100958230,Daphna Littley,2021-12-25,dlittleya7@prlog.org
4175007297509008,Benjy Harsnipe,2021-07-28,bharsnipea8@cbslocal.com
50182010336517283,Jaimie Klima,2022-03-06,jklimaa9@amazon.de
374283326333945,Flory Trainor,2021-09-19,ftrainoraa@businessinsider.com
3584056857295901,Lucretia Cramb,2021-12-17,lcrambab@topsy.com
6384080660073698,Hashim Enns,2022-03-20,hennsac@fotki.com
6759977492524903963,Fay Colliford,2021-12-10,fcollifordad@java.com
4913473477342858,Aridatha Dumbelton,2022-02-02,adumbeltonae@4shared.com
374288113764244,Madelaine Frantsev,2021-10-17,mfrantsevaf@purevolume.com
4917431556711472,Horten Sherwin,2021-06-19,hsherwinag@hostgator.com
5602220630756802,Bobbie McCrow,2021-09-19,bmccrowah@altervista.org
675941053513882472,Rosie Cheson,2021-06-01,rchesonai@jalbum.net
560225014495173455,Anderea Robens,2021-06-08,arobensaj@1688.com
5390133503929552,Willie Brunesco,2021-10-18,wbrunescoak@ox.ac.uk
4041594049017,Elmer Trolley,2022-01-16,etrolleyal@un.org
3557999659152734,Marlo Rosettini,2021-11-05,mrosettiniam@webs.com
5423164111601540,Fons Worviell,2021-08-10,fworviellan@ow.ly
3545737150244955,Riva Willimott,2022-03-21,rwillimottao@sitemeter.com
201817782920288,Otto Eccleshall,2021-10-10,oeccleshallap@woothemes.com
201849228255649,Gilberte Wanell,2021-12-02,gwanellaq@paypal.com
3545170376378136,Skip Ilymanov,2022-01-04,silymanovar@google.cn
201872791902835,Travis Moreman,2021-07-23,tmoremanas@huffingtonpost.com
3582650316824731,Kathye Twohig,2022-03-10,ktwohigat@4shared.com
6762990496988849353,Yuri Quigg,2021-06-17,yquiggau@ifeng.com
3537849049369727,Manfred Macon,2021-07-22,mmaconav@constantcontact.com
342485101555993,Marjorie Longo,2021-08-14,mlongoaw@comcast.net
5018279303665508,Malorie Henrych,2021-07-10,mhenrychax@twitter.com
5100132583851380,Frederigo Frantzen,2022-01-17,ffrantzenay@uiuc.edu
3583716478712680,Shelagh Fraczak,2022-01-13,sfraczakaz@bandcamp.com
201439518441941,Gilberto Fantini,2021-06-20,gfantinib0@bing.com
3586699437011609,Horton Keld,2021-09-21,hkeldb1@opera.com
5002358080094559,Bond Niesegen,2021-08-05,bniesegenb2@4shared.com
3551479640387364,Romona Balf,2022-04-17,rbalfb3@yahoo.co.jp
3567377571979807,Bernardine Blenkin,2021-12-02,bblenkinb4@nbcnews.com
67611940708691263,Toddie Khosa,2021-08-17,tkhosab5@cnn.com
3576268527045992,Melania Overthrow,2022-01-17,moverthrowb6@macromedia.com
560224283561141412,Bonnee Djurisic,2022-03-18,bdjurisicb7@technorati.com
67712144573717901,Emmye Chamberlayne,2021-12-24,echamberlayneb8@go.com
6395540927708086,Jackelyn Simmonite,2022-01-07,jsimmoniteb9@scientificamerican.com
50381766846399095,Anabal Fance,2021-07-14,afanceba@domainmarket.com
5335873767943900,Candis Luigi,2021-11-28,cluigibb@bbc.co.uk
560225052447679815,Angie Zoellner,2022-02-06,azoellnerbc@shutterfly.com
6761716847001795178,Aldridge Cyphus,2022-03-25,acyphusbd@discovery.com
201846581936344,Deb Walicki,2021-12-14,dwalickibe@senate.gov
3584237348281565,Percival Van,2021-07-12,pvanbf@ihg.com
3552807884184908,Sarge Dundon,2021-09-24,sdundonbg@people.com.cn
5048378387217139,Francis Crim,2022-01-13,fcrimbh@sun.com
5010127294052798,Mirella Slater,2021-08-29,mslaterbi@ustream.tv
3572415289354849,Cally Kerford,2021-09-29,ckerfordbj@liveinternet.ru
5571425140604254,Eran Hurch,2021-12-03,ehurchbk@webnode.com
3557069691288548,Raul Gregoraci,2021-07-05,rgregoracibl@chicagotribune.com
3556139608430466,Jard Gloucester,2021-12-09,jgloucesterbm@nba.com
3575207595635699,Tad Grelka,2022-03-29,tgrelkabn@who.int
6759341920599196,Darrelle Eefting,2021-11-18,deeftingbo@newsvine.com
3584639138848927,Carleen Reichert,2021-11-17,creichertbp@biglobe.ne.jp
4026474149914078,Cacilie Hirsthouse,2021-06-05,chirsthousebq@reuters.com
30547815632926,Brice Wakeman,2021-11-23,bwakemanbr@phpbb.com
3556267687620432,Riane Denniston,2022-04-02,rdennistonbs@wikipedia.org
3559428970489730,Tommie Greatorex,2022-02-22,tgreatorexbt@house.gov
3546300584225709,Levey Krysztowczyk,2022-02-27,lkrysztowczykbu@smugmug.com
3588558285962842,Tomasina Soot,2022-01-19,tsootbv@posterous.com
201584187980776,Orion Jinkins,2021-10-28,ojinkinsbw@apache.org
5020937503144097,Samson Bendik,2021-06-14,sbendikbx@unesco.org
6759670408632685,Arnie Kemet,2022-04-17,akemetby@hhs.gov
5345014780679647,Fanni Greedier,2022-02-26,fgreedierbz@walmart.com
4041379377600326,Aaren Urien,2022-02-10,aurienc0@opensource.org
67628908481420490,Hester Welfair,2022-01-28,hwelfairc1@globo.com
3559691891667862,Drusilla Mineghelli,2022-03-03,dmineghellic2@pcworld.com
5100133978689245,Natalya Marchiso,2022-01-13,nmarchisoc3@japanpost.jp
5602212849410842,Herbert Gladdin,2021-11-28,hgladdinc4@google.pl
30450725070248,Ephrayim Flipsen,2022-02-26,eflipsenc5@squarespace.com
677140690602136883,Lexine Malden,2021-07-14,lmaldenc6@pinterest.com
3558785771289291,Maisie Lisett,2021-05-21,mlisettc7@github.io
5893983498193845849,Pavel Glader,2021-06-15,pgladerc8@uiuc.edu
5602258103238171,Sigfried Alphege,2022-01-26,salphegec9@sourceforge.net
30387370883857,Baird Yorke,2022-03-05,byorkeca@acquirethisname.com
36621451222146,Adria Thursfield,2021-10-15,athursfieldcb@surveymonkey.com
3559812367321152,Madelle Ipgrave,2022-02-03,mipgravecc@blog.com
3537830590483547,Rozalie Conachie,2021-09-03,rconachiecd@huffingtonpost.com
5602242176344975,Karel Donnell,2021-06-13,kdonnellce@nyu.edu
30542319187196,Katuscha Flancinbaum,2021-05-25,kflancinbaumcf@smugmug.com
3552131856257158,Lenee Marvell,2021-12-07,lmarvellcg@spiegel.de
3575811404789009,Winnah Ramplee,2022-03-14,wrampleech@nsw.gov.au
374288561370114,Cristin Millam,2021-06-18,cmillamci@sbwire.com
5100139610986683,Giselle Santorini,2021-11-16,gsantorinicj@bravesites.com
201912252985661,Shepperd Highway,2021-07-31,shighwayck@wsj.com
633110810577711853,Johna Rivilis,2021-10-31,jriviliscl@cnn.com
201998135541888,Pen Ireson,2022-03-04,piresoncm@g.co
3580757572625140,Johnathon Mapes,2021-10-07,jmapescn@omniture.com
3567700931779171,Belvia D'Onisi,2021-06-08,bdonisico@wsj.com
502057788393509028,Mikkel Payler,2021-10-27,mpaylercp@sun.com
3558830675416606,Thain Burde,2021-11-26,tburdecq@webnode.com
3555258665928823,Helga Kayser,2021-12-23,hkaysercr@xrea.com
5018447130986215153,Cob Pickthall,2021-07-09,cpickthallcs@multiply.com
6394291647193131,Joey Climer,2021-12-12,jclimerct@so-net.ne.jp
5602258328634907,Winn Rattenberie,2021-06-21,wrattenberiecu@loc.gov
3530541229908302,Halli Trussman,2021-12-01,htrussmancv@npr.org
67633030126287532,Feodora Loyley,2021-11-04,floyleycw@senate.gov
3573110596758951,Mischa Maylin,2021-12-31,mmaylincx@telegraph.co.uk
5181417440744098,Donavon Longhorn,2021-11-01,dlonghorncy@aboutads.info
3578813474188606,Chase Wallwood,2022-01-01,cwallwoodcz@yellowbook.com
677158086048483816,Hermina Billes,2021-11-05,hbillesd0@taobao.com
3582297051490623,Christoforo Purselow,2021-07-31,cpurselowd1@tamu.edu
30436976883587,Laughton Cherrington,2022-03-13,lcherringtond2@dailymotion.com
3564185155866040,Barty Merwood,2022-03-23,bmerwoodd3@uol.com.br
201912653179856,Marcella Zisneros,2021-07-26,mzisnerosd4@twitter.com
56022337712829177,Bradley Blease,2021-09-08,bbleased5@nature.com
6762035658357044778,Reynard Gounel,2021-06-25,rgouneld6@cam.ac.uk
3567634778791314,Dulcy Wyeth,2022-01-13,dwyethd7@blinklist.com
201641235450937,Mindy Dan,2022-03-19,mdand8@over-blog.com
3564427030317215,Kerr Bradley,2021-12-19,kbradleyd9@army.mil
30466787549820,Rab Dumper,2021-06-15,rdumperda@statcounter.com
3546413894006709,Winifield Easterling,2021-05-24,weasterlingdb@storify.com
3574447529790738,Ilyse Chatt,2021-11-28,ichattdc@merriam-webster.com
3536257345379740,Kassia Mattingson,2021-11-07,kmattingsondd@nyu.edu
3579817402352712,Fabio Luckcock,2022-02-09,fluckcockde@unc.edu
30376953635990,Allyson Arnall,2021-10-10,aarnalldf@narod.ru
50184824871621088,Katheryn Porrett,2022-03-11,kporrettdg@prweb.com
3535826747851588,Teddy Roakes,2022-02-22,troakesdh@bloglovin.com
374283558565115,Benedict Blackey,2021-06-16,bblackeydi@live.com
5100137227731161,Clem Bolt,2022-01-25,cboltdj@biblegateway.com
3581615908477652,Christophe Ambroix,2021-12-25,cambroixdk@ezinearticles.com
5002355844470505,Cale Sisson,2022-04-07,csissondl@sourceforge.net
6392975959233723,Fiorenze Kabos,2021-09-04,fkabosdm@bloglovin.com
3550924920878906,Jobina Jeffries,2021-11-11,jjeffriesdn@odnoklassniki.ru
3547288091809355,Astra Boij,2021-10-27,aboijdo@mashable.com
3555861901930014,Ulysses Bircher,2021-06-29,ubircherdp@artisteer.com
63048893720348739,Mal Glide,2021-06-22,mglidedq@histats.com
5602213267816734,Beryl Derkes,2022-03-17,bderkesdr@fema.gov
4911686283794328135,Aldwin Youd,2022-03-08,ayoudds@bloomberg.com
30089742794040,Irwin Ternott,2021-10-15,iternottdt@dot.gov
3535658785133359,Sheri Matuszinski,2022-02-26,smatuszinskidu@mozilla.org
5100131464767491,Valeda Addey,2022-03-13,vaddeydv@wikispaces.com
5602221202859594,Shem Skirven,2022-04-13,sskirvendw@zdnet.com
560223562839767764,Brnaba Hawkes,2021-11-03,bhawkesdx@mozilla.org
3576668001444142,Florentia Martill,2022-02-22,fmartilldy@eepurl.com
491190423112679852,Morry Huston,2021-10-27,mhustondz@ameblo.jp
675935856386947943,Winifred Fridlington,2021-07-21,wfridlingtone0@symantec.com
5426486183765037,Paulie Hefferan,2021-09-26,phefferane1@indiegogo.com
3565412062286073,Stormi Geillier,2021-11-19,sgeilliere2@altervista.org
5100177188589174,Osmond Tesauro,2021-06-10,otesauroe3@wikipedia.org
4936076051527053584,Bren Managh,2021-10-12,bmanaghe4@ezinearticles.com
3582223032262493,Jerome Eyres,2021-09-10,jeyrese5@weebly.com
3576223884226339,Tabbie Rodd,2021-10-26,trodde6@blogspot.com
3560338869587550,Michaela Hemerijk,2021-09-26,mhemerijke7@dyndns.org
3564530732069552,Jard Pitrollo,2021-12-22,jpitrolloe8@reference.com
3549717088747986,Tana Dring,2021-07-02,tdringe9@issuu.com
3576065267515204,Tani McMillan,2022-02-09,tmcmillanea@webnode.com
4936981963229093995,Micheline Pheazey,2021-08-24,mpheazeyeb@va.gov
3585416768750809,Callida de Verson,2022-01-23,cdeec@newsvine.com
5301481103278716,Micheline Cure,2022-03-07,mcureed@dion.ne.jp
5641828329618282767,Ignazio Enevold,2022-02-04,ienevoldee@i2i.jp
6759106377070953,Mitchell O' Hogan,2021-07-21,moef@house.gov
3574663114939296,Angel Gumb,2021-12-12,agumbeg@omniture.com
3541247352042219,Tudor Ratnage,2022-04-03,tratnageeh@rediff.com
4175008791372646,Berty Acton,2021-11-07,bactonei@cbslocal.com
4405548716929402,Stephanie Crim,2022-03-17,scrimej@apache.org
6334830629296423790,Harriette Brason,2021-12-13,hbrasonek@cloudflare.com
30087509155447,Cheri Radbourne,2022-03-16,cradbourneel@cbslocal.com
201805230655846,Hiram Dumingos,2022-02-06,hdumingosem@comsenz.com
4903975487239116,Burtie Francklyn,2021-08-24,bfrancklynen@hao123.com
5118228321304771,Alfons Birkby,2021-08-24,abirkbyeo@usa.gov
4911399322572815,Elaina Vondruska,2022-01-15,evondruskaep@arizona.edu
201534197856185,Gan Hanniger,2021-12-15,ghannigereq@spotify.com
3569783218123857,Morten McGrory,2022-01-26,mmcgroryer@gov.uk
4175007015710326,Stephen Jandl,2021-12-11,sjandles@jiathis.com
3582228730802177,Joyan Graith,2021-09-17,jgraithet@technorati.com
5602244242692149067,Gwenny Ketteridge,2021-09-16,gketteridgeeu@yelp.com
5602219339119171,Dosi Blodget,2021-06-02,dblodgetev@drupal.org
5602227740139621,Casie Kerrod,2021-07-10,ckerrodew@symantec.com
0604136254752712,Worden Marguerite,2022-02-15,wmargueriteex@technorati.com
3579957409551229,Maximilianus Philliphs,2022-03-28,mphilliphsey@e-recht24.de
3550661017555845,Correy Asgodby,2021-09-25,casgodbyez@goodreads.com
5602257578051325,Braden Gruszka,2021-09-17,bgruszkaf0@businesswire.com
30198570424768,Ethelred Bendley,2021-07-19,ebendleyf1@chronoengine.com
3583393071284382,Miles Allwell,2021-08-06,mallwellf2@ucoz.ru
4017959210840,Reid Yashnov,2021-10-16,ryashnovf3@meetup.com
3538789232686843,Andie Goodby,2021-10-10,agoodbyf4@drupal.org
3548301732099192,Ogdan Bruniges,2021-08-05,obrunigesf5@guardian.co.uk
3563637608658821,Buddie Litchmore,2021-08-24,blitchmoref6@1und1.de
372301048635348,Biddie Greensted,2021-06-23,bgreenstedf7@cargocollective.com
5108759471324526,Cam Titmuss,2022-01-06,ctitmussf8@paypal.com
676202129501417521,Fan Dietzler,2022-01-10,fdietzlerf9@netvibes.com
3588815938355414,Esra Doerffer,2022-04-06,edoerfferfa@drupal.org
3555637409867720,Perceval Abramow,2021-12-28,pabramowfb@etsy.com
3550329113958517,Rabbi Annis,2021-11-22,rannisfc@qq.com
633110464504191894,Grantley Tolan,2022-03-17,gtolanfd@dyndns.org
3539565705356745,Peta Syred,2021-08-01,psyredfe@purevolume.com
3548253466170667,Lauraine Bettis,2021-10-05,lbettisff@google.co.uk
30236797409624,Monica Strainge,2022-02-01,mstraingefg@howstuffworks.com
3563715166055927,Hewet Schutte,2021-07-13,hschuttefh@un.org
490585024162475517,Cosetta Coneybeer,2021-06-27,cconeybeerfi@opensource.org
6389705713833293,Genevra Gaish,2021-11-19,ggaishfj@histats.com
30319553098789,Christie Airlie,2021-06-11,cairliefk@globo.com
201725199338400,Jobi Asplen,2021-08-20,jasplenfl@prweb.com
3573984480316617,Maryanne Vickerman,2022-01-17,mvickermanfm@slate.com
3587953965134385,Guy Vogeller,2021-08-29,gvogellerfn@ustream.tv
3576785735984894,Pippy Wearing,2021-11-18,pwearingfo@ucoz.com
5100133085014410,Randee Lofting,2021-05-24,rloftingfp@dagondesign.com
3547290994611714,Lindsey Cunnell,2021-05-25,lcunnellfq@businesswire.com
4940586935015019,Kingston Carson,2021-06-17,kcarsonfr@apple.com
3556714610321554,Guthry Casterou,2021-12-19,gcasteroufs@dmoz.org
560224028311814275,Bathsheba Housaman,2021-12-26,bhousamanft@deliciousdays.com
6767065452532538025,Perren Haborn,2021-06-30,phabornfu@google.ca
3531388118032169,Sanson Whitlow,2021-09-09,swhitlowfv@phoca.cz
50382501354061061,Cordi Hansill,2021-07-24,chansillfw@blinklist.com
30552121723351,Dominik McGrale,2021-06-12,dmcgralefx@bbb.org
3581019296943898,Josepha Atger,2021-10-07,jatgerfy@sakura.ne.jp
3585043932039289,Erwin Lampett,2022-03-30,elampettfz@wikimedia.org
3564390736814481,Carol-jean Truse,2022-01-26,ctruseg0@pen.io
3551965523801042,Jemmy Ephgrave,2021-06-01,jephgraveg1@wufoo.com
564182689936740435,Harald Kubanek,2021-05-29,hkubanekg2@webnode.com
3539791883853614,Byron Gauden,2021-07-17,bgaudeng3@livejournal.com
30458581508938,Trenton Wallhead,2021-11-12,twallheadg4@simplemachines.org
4026960860679767,Akim Nanetti,2022-02-25,ananettig5@sogou.com
4041593333875,Margarita Hambling,2022-04-05,mhamblingg6@a8.net
337941631406633,Myrvyn Foulger,2022-04-10,mfoulgerg7@4shared.com
6771873860907729769,Marlena Memory,2022-01-18,mmemoryg8@artisteer.com
5602235024204376045,Jake McGeown,2021-05-25,jmcgeowng9@edublogs.org
3528977485631317,Staford Bradmore,2021-12-04,sbradmorega@cyberchimps.com
4026632974600100,Eugenie Gillford,2022-04-13,egillfordgb@indiatimes.com
5595099351601788,Torrey Spenceley,2022-04-17,tspenceleygc@businessinsider.com
3556734849124199,Mile Gipps,2021-10-26,mgippsgd@godaddy.com
3558352735091931,Gunther Benmore,2021-10-04,gbenmorege@desdev.cn
4508310158127177,Garrard Buckenhill,2021-06-25,gbuckenhillgf@cam.ac.uk
201997723780452,Melania Mikalski,2021-08-12,mmikalskigg@goo.gl
201872926922799,Anna-maria Cosyns,2021-11-11,acosynsgh@scribd.com
3549598210697426,Kristal Elliff,2021-10-01,kelliffgi@techcrunch.com
3528792293687744,Justis Winear,2021-11-19,jwineargj@aol.com
6763011249929444369,Lu Maior,2022-01-18,lmaiorgk@google.it
3529032870848487,Helsa Leppington,2021-12-26,hleppingtongl@usa.gov
201544977621717,Ulrike Banisch,2022-02-07,ubanischgm@ask.com
374288538203406,Kelvin Barnewille,2022-04-05,kbarnewillegn@time.com
3546889687148776,Joyan Scotchbrook,2022-01-26,jscotchbrookgo@sciencedirect.com
6334370294020475,Derry Simonetti,2021-07-20,dsimonettigp@ifeng.com
3544233906932953,Carlene Bowshire,2021-12-08,cbowshiregq@intel.com
5602246327287322,Rriocard Asher,2021-09-20,rashergr@live.com
3571537611200225,Nikolas Hutton,2022-01-28,nhuttongs@weebly.com
3545603180299502,Pavel Tessington,2022-01-08,ptessingtongt@shinystat.com
3536902969557432,Erny Curwen,2022-04-11,ecurwengu@amazon.de
4917304303830665,Melisse Bradtke,2021-09-10,mbradtkegv@tumblr.com
3535409475635497,Hillary Truett,2021-08-30,htruettgw@linkedin.com
3584915731500747,Ardelle Lipscomb,2021-10-04,alipscombgx@t-online.de
3574425718293995,Jillian Poat,2021-06-08,jpoatgy@omniture.com
3537748444960660,Archibald MacCague,2022-01-22,amaccaguegz@noaa.gov
5602256673131891,Martha Kleinfeld,2021-11-06,mkleinfeldh0@paginegialle.it
3572264248157517,Sigismundo Maine,2021-08-28,smaineh1@ask.com
374283453882441,Trix Ebbage,2021-07-12,tebbageh2@so-net.ne.jp
5108758121401528,Jeanette Issitt,2021-11-09,jissitth3@army.mil
676323484552189345,Melisande De Bellis,2022-02-21,mdeh4@jimdo.com
201683633003140,Dorree Gowanson,2021-12-30,dgowansonh5@moonfruit.com
6331107551242175,Marchelle Albrook,2021-12-21,malbrookh6@reddit.com
5602232614037588098,Fred Betty,2022-01-14,fbettyh7@archive.org
6370979287210490,Gena Gherardi,2022-02-25,ggherardih8@theatlantic.com
3577579916051212,Vale Joliffe,2021-06-03,vjoliffeh9@bandcamp.com
4508736621038239,Rosana Filimore,2022-01-17,rfilimoreha@cdc.gov
58939806469866861,Nerita Grundon,2021-08-11,ngrundonhb@ox.ac.uk
4905576001918645,Fitzgerald Moncur,2021-07-03,fmoncurhc@joomla.org
30526592216293,Mikaela Redmond,2021-09-15,mredmondhd@1688.com
374283357907435,Liane Fyldes,2021-05-31,lfyldeshe@xinhuanet.com
5100130114228524,Martynne Reekie,2021-11-29,mreekiehf@oaic.gov.au
3575979006286656,Brena Label,2021-10-02,blabelhg@booking.com
3583795683635878,Ilise Mixon,2021-10-01,imixonhh@army.mil
4175007641301417,Ari Bosma,2022-01-30,abosmahi@amazon.co.uk
5313812051181963,Katharine Randalston,2022-01-02,krandalstonhj@rakuten.co.jp
0604098931415784,Latia Fabler,2021-12-17,lfablerhk@purevolume.com
4026545766315895,Blithe Streatfield,2021-08-20,bstreatfieldhl@yahoo.co.jp
676781008717153345,Salomon Ladel,2022-04-07,sladelhm@oracle.com
3555718965480502,Briney Shuttle,2022-03-26,bshuttlehn@mac.com
3558990528144233,Trefor Floodgate,2022-04-07,tfloodgateho@pagesperso-orange.fr
5610683161177237,Adelind Agius,2021-10-20,aagiushp@tamu.edu
5038712532856562091,Robbin Surman,2021-11-30,rsurmanhq@amazon.co.uk
4041378108567,Laurianne Dahle,2022-01-03,ldahlehr@taobao.com
5602242595136202483,Gaynor Behrendsen,2021-12-13,gbehrendsenhs@zimbio.com
3574547710561861,Consuela Byer,2022-03-12,cbyerht@amazon.de
4917761269582830,Packston Mowbray,2022-01-08,pmowbrayhu@printfriendly.com
5048379012944634,Benny Domerque,2021-08-17,bdomerquehv@hatena.ne.jp
3569310322053166,Shae Herrieven,2021-08-11,sherrievenhw@time.com
560225947004529818,Uta Cossem,2022-03-03,ucossemhx@elegantthemes.com
3538557826894127,Leif Sebborn,2022-04-07,lsebbornhy@mediafire.com
5108753962467712,Alfredo Giovanazzi,2021-10-29,agiovanazzihz@yellowbook.com
3543098282171281,Ebeneser Moir,2022-02-27,emoiri0@php.net
5610569427745406,Raphaela Rolfi,2022-02-20,rrolfii1@trellian.com
4026699168049246,Alyss Pidgin,2021-07-26,apidgini2@spiegel.de
3576221079186508,Elinore Axworthy,2021-08-09,eaxworthyi3@tinypic.com
3557745287298542,Albertina Driscoll,2021-06-29,adriscolli4@amazon.co.jp
3530978847515368,Karia Shooter,2021-07-25,kshooteri5@jigsy.com
4041375883188,Uriah Absolem,2021-10-13,uabsolemi6@webs.com
6759123180446932,Georgianne Meo,2021-06-19,gmeoi7@pcworld.com
5048375190164656,Lorilee Eyres,2022-02-01,leyresi8@imgur.com
5602234960532451,Adair Plewright,2022-01-19,aplewrighti9@wikia.com
4508613206838194,Winna Smeuin,2022-01-10,wsmeuinia@devhub.com
3540999133650121,Veriee Malthus,2022-04-12,vmalthusib@nhs.uk
337941337340672,Joane Cheetam,2021-05-19,jcheetamic@dedecms.com
3551773215430256,Ysabel Portchmouth,2022-04-02,yportchmouthid@mozilla.com
3541884575902983,Corinna McGebenay,2022-02-09,cmcgebenayie@photobucket.com
201622230433979,Shep Jude,2021-09-12,sjudeif@whitehouse.gov
67069481096130165,Valida Rudinger,2022-02-01,vrudingerig@foxnews.com
3549881095356023,Levy Sharphurst,2021-11-24,lsharphurstih@intel.com
3584477543182347,Sebastiano Crossingham,2022-02-24,scrossinghamii@printfriendly.com
5610928157456320785,Alley Maynell,2022-02-27,amaynellij@addthis.com
56022594193178215,Natalya Norvell,2021-10-29,nnorvellik@theguardian.com
3588894407731348,Yvor De la Harpe,2022-03-13,ydeil@icq.com
3578785116056856,Maribel Wise,2022-04-07,mwiseim@princeton.edu
5002354922246796,Woodrow Yakunchikov,2021-08-05,wyakunchikovin@alibaba.com
5602216419020378,Timothee Ciotto,2021-10-20,tciottoio@blogger.com
3567683455271512,Ashbey Caneo,2021-05-29,acaneoip@forbes.com
6759947951529323771,Sarajane Peedell,2021-12-30,speedelliq@google.cn
5602248933079408,Darb Beddoe,2021-06-07,dbeddoeir@ed.gov
3551242057120276,Angela Husband,2021-10-02,ahusbandis@ucoz.com
3562077586668867,Alva Arnoll,2021-07-26,aarnollit@google.co.jp
3562959918205817,Ivonne Loukes,2021-08-18,iloukesiu@abc.net.au
3567902186325789,Ginni Saveall,2021-11-10,gsavealliv@kickstarter.com
5602250028779926,Edy Glidder,2021-08-01,eglidderiw@mapy.cz
56022316528997428,Ingaborg Tailour,2022-03-17,itailourix@fotki.com
67610024834143936,Maxie Madders,2022-01-19,mmaddersiy@washingtonpost.com
6388063210170004,Meridith Sorsbie,2021-07-04,msorsbieiz@google.com.br
5602219498097787452,Arleta Spain,2021-07-15,aspainj0@telegraph.co.uk
201799804873861,Arlena Beauvais,2021-07-03,abeauvaisj1@live.com
201666413317376,Eal Kuhne,2022-02-23,ekuhnej2@nationalgeographic.com
3550771935673784,Josefina Rowles,2021-11-16,jrowlesj3@hubpages.com
5108755790958820,Mildred Gosenell,2021-08-14,mgosenellj4@dyndns.org
4844219848360853,Kristine Tinto,2021-10-25,ktintoj5@behance.net
0604390457124514,Steve Tudhope,2021-07-28,studhopej6@state.gov
5007663625336398,Maynord Urwen,2021-12-31,murwenj7@deliciousdays.com
201946037138360,Kikelia McQueen,2021-12-22,kmcqueenj8@histats.com
4405419311308659,Porty Dombrell,2021-12-04,pdombrellj9@unicef.org
5048378030007465,Walsh Tidbold,2022-01-19,wtidboldja@washingtonpost.com
3529155193030309,Jacklin Ketch,2021-10-15,jketchjb@rakuten.co.jp
3548537733812337,Brewer Very,2022-02-19,bveryjc@etsy.com
3551876064677073,Victoria Lefort,2022-01-29,vlefortjd@huffingtonpost.com
201676718746948,Morlee Rosengarten,2021-10-28,mrosengartenje@skype.com
3573396410941457,Merell Ondrasek,2022-04-09,mondrasekjf@freewebs.com
3567903591809110,Robinson Pucknell,2022-01-07,rpucknelljg@mozilla.com
5641828087378719697,Edlin Alfonsetti,2021-08-18,ealfonsettijh@cyberchimps.com
4508119796451661,Bibi Gellan,2021-08-04,bgellanji@businesswire.com
3552672728855026,Ermina Brooking,2021-11-06,ebrookingjj@bravesites.com
3536681139930188,Dennet Mammatt,2021-11-21,dmammattjk@sphinn.com
3586030782817152,Jessa Workes,2021-10-26,jworkesjl@cam.ac.uk
5602210404640969,Dyna Essery,2021-06-07,desseryjm@blogger.com
3532398622291903,Amelina Sanney,2022-03-10,asanneyjn@newsvine.com
6373211545185208,Mandi Raspison,2022-03-10,mraspisonjo@ezinearticles.com
3558960083266564,Korie Wormstone,2022-03-28,kwormstonejp@t-online.de
3551997126289267,Devon Foxton,2021-07-02,dfoxtonjq@cpanel.net
56022547048667345,Clair Struther,2021-11-20,cstrutherjr@qq.com
4026857998809110,Stearne Iacovuzzi,2021-07-03,siacovuzzijs@earthlink.net
67598350376576746,Anson Gailor,2022-01-27,agailorjt@census.gov
371528082200057,Lissie Ollerhad,2021-11-07,lollerhadju@weather.com
3528561404364349,Deerdre Hillburn,2022-02-14,dhillburnjv@creativecommons.org
3568672457911869,Quintana Toppas,2021-10-21,qtoppasjw@illinois.edu
372301459149862,Bo Pero,2021-12-22,bperojx@prweb.com
30368384839861,Penelopa Nangle,2021-10-18,pnanglejy@fda.gov
30101736705443,Elset Spinozzi,2022-04-14,espinozzijz@tiny.cc
5602255529181936,Jamey Rosenhaus,2021-07-25,jrosenhausk0@prlog.org
374288696311660,Rhys Mabbott,2022-03-16,rmabbottk1@a8.net
3584341134143433,Yolanthe Hamprecht,2021-11-19,yhamprechtk2@wikia.com
3528629898586139,Hazlett McEvay,2022-03-29,hmcevayk3@adobe.com
5007663196170424,Tyrus Stansell,2021-07-06,tstansellk4@rambler.ru
3542976434900940,Adoree Favela,2021-12-05,afavelak5@linkedin.com
3570129306193377,Cassandre Panter,2022-01-10,cpanterk6@statcounter.com
3539844192005721,Meredithe Furness,2021-09-14,mfurnessk7@4shared.com
3585075614634896,Heather Logie,2021-07-02,hlogiek8@sbwire.com
3555755792492839,Augusta Swalowe,2021-06-11,aswalowek9@virginia.edu
3564568302022650,Deerdre Billingham,2021-12-22,dbillinghamka@hhs.gov
4917226208772025,Crystie Pllu,2021-10-27,cpllukb@ovh.net
6386085398378093,Kenna Fredson,2021-08-07,kfredsonkc@last.fm
3533457858756515,Fawn Rayment,2021-07-26,fraymentkd@independent.co.uk
3568166472558672,Paolo Trodd,2021-05-19,ptroddke@miitbeian.gov.cn
6706721483457773317,Kermy Petrozzi,2021-11-04,kpetrozzikf@wp.com
3529219148298708,Luce Allom,2021-11-07,lallomkg@instagram.com
5100149459291350,Lyda Housego,2021-08-14,lhousegokh@nytimes.com
5192366669529887,Gan Gammel,2021-05-25,ggammelki@goo.ne.jp
5020232248776877100,Peggy Pentelow,2022-04-12,ppentelowkj@ameblo.jp
3569517476814157,Raine Abade,2022-01-17,rabadekk@shop-pro.jp
6762730589208273068,Eustace Westcarr,2022-01-22,ewestcarrkl@google.fr
3545302977653662,Pascale Vallis,2021-07-23,pvalliskm@cpanel.net
633410144735790709,Hillyer Whitten,2021-06-07,hwhittenkn@adobe.com
342760661606042,Alyda Piel,2021-12-25,apielko@51.la
3573420976631904,Aile Caddens,2021-06-06,acaddenskp@mail.ru
4041599557026725,Joella Thieme,2021-09-29,jthiemekq@networksolutions.com
3553548604085384,Rubin Mabey,2022-02-09,rmabeykr@salon.com
3572728828726123,Kalinda Stacey,2021-06-22,kstaceyks@arizona.edu
3582472363026262,Shanta Trevan,2021-10-31,strevankt@sfgate.com
675989807920303585,Hanni Tower,2022-03-19,htowerku@diigo.com
3550011096382358,Evy Westoff,2021-10-06,ewestoffkv@yellowpages.com
5515400806309208,Lorne Doggett,2021-10-14,ldoggettkw@pagesperso-orange.fr
3545157416505661,Shermy Gillitt,2021-10-12,sgillittkx@pagesperso-orange.fr
3558364751086190,Jessamine Meynell,2021-07-05,jmeynellky@disqus.com
5226792828642487,Leigha Dowbiggin,2021-06-05,ldowbigginkz@sogou.com
3544049895910663,Codi Alsopp,2022-01-28,calsoppl0@prweb.com
4508140701894589,Moises Dymott,2021-06-26,mdymottl1@wikimedia.org
490558709199916425,Vivyan Teasell,2022-04-20,vteaselll2@cnet.com
490538263994960407,Thurstan Duddridge,2022-04-15,tduddridgel3@ucsd.edu
201982692632082,Edi Naris,2021-09-03,enarisl4@cdbaby.com
676186807358034552,Karalynn Jiggins,2021-11-28,kjigginsl5@google.co.uk
3580558519708654,Shermie Hartnell,2022-04-03,shartnelll6@jimdo.com
3569385700266697,Devland Fehner,2021-07-07,dfehnerl7@cocolog-nifty.com
3584477804245445,Stacey Loos,2021-12-01,sloosl8@umich.edu
30203768611166,Clementia O'Kuddyhy,2021-06-14,cokuddyhyl9@cnn.com
3585302482443923,Terrijo Bispo,2022-04-07,tbispola@noaa.gov
5002357679111352,Herminia MacKaig,2022-02-25,hmackaiglb@vimeo.com
3575949481164371,Vernen Crosscombe,2022-01-18,vcrosscombelc@archive.org
3556067500783734,Clementine Glason,2021-09-30,cglasonld@ftc.gov
348553494342172,Lesli Chartres,2021-06-20,lchartresle@webnode.com
201812832052190,Yasmeen Keach,2021-06-24,ykeachlf@weebly.com
4913553512504420,Jessika Boughen,2021-11-23,jboughenlg@purevolume.com
4041596386904,Antonina Jedrysik,2021-10-29,ajedrysiklh@spiegel.de
6771360200902742,Davy Hutchence,2021-09-04,dhutchenceli@yelp.com
5484755313848403,Nil Chessil,2021-07-11,nchessillj@imdb.com
5100138359193600,Hoyt Reedshaw,2021-07-29,hreedshawlk@uol.com.br
3528068400269100,Rudiger Cardo,2021-09-25,rcardoll@home.pl
5437652236028114,Stanislas Woodroof,2022-02-09,swoodrooflm@google.com
4913358628206856,Candace Keeltagh,2021-06-10,ckeeltaghln@usnews.com
67590715648636569,Hardy Mc Comb,2021-05-19,hmclo@time.com
3555972897810100,Krishnah Sissel,2021-05-31,ksissellp@reddit.com
5108757944097471,Gawen Gunnell,2021-07-27,ggunnelllq@list-manage.com
3586148527359932,Abbey Drinkhill,2021-07-27,adrinkhilllr@economist.com
30097499601979,Rhonda Berrie,2021-07-25,rberriels@sitemeter.com
3540230586450797,Lynnet Kinnar,2022-04-08,lkinnarlt@issuu.com
4917070221735753,Morie Redfield,2022-02-21,mredfieldlu@bloomberg.com
3566045524073298,Othilia Lowther,2021-10-19,olowtherlv@baidu.com
201968679633557,Greg Mulmuray,2022-02-27,gmulmuraylw@walmart.com
3531814210610701,Gustaf Streatley,2021-12-17,gstreatleylx@blogs.com
373705958833108,Jeniece Cleugher,2021-11-17,jcleugherly@mtv.com
4936728635754937,Kiele Pottle,2022-02-04,kpottlelz@de.vu
67063511884006965,Ortensia Tritton,2022-01-27,otrittonm0@ca.gov
5577294048814405,Koral Duetschens,2022-01-24,kduetschensm1@gov.uk
6762175941500857,Tildie Stare,2022-01-11,tstarem2@usda.gov
3541691934780186,Aleen Dorrian,2022-04-11,adorrianm3@mediafire.com
560224445621535913,Almira Rattenberie,2021-08-12,arattenberiem4@infoseek.co.jp
374283078624103,Charmain Iacomelli,2022-01-27,ciacomellim5@tinypic.com
3544991045185318,Johna McInnes,2021-05-30,jmcinnesm6@sciencedaily.com
5602213361747637,Bryn Hewkin,2021-05-20,bhewkinm7@unc.edu
3587057020802513,Guntar Folder,2021-11-08,gfolderm8@addthis.com
56022155602884825,Ethelda Stopford,2022-03-27,estopfordm9@hugedomains.com
5100135775858170,Jephthah Macari,2021-11-19,jmacarima@cnn.com
3563155803665871,Dulsea MacCostigan,2021-05-20,dmaccostiganmb@google.co.jp
63046605793221102,Avrit Kunzelmann,2021-10-22,akunzelmannmc@prnewswire.com
56109716432404211,Derby Rowden,2021-09-07,drowdenmd@wsj.com
5108755839730735,Tabby McIlrath,2021-06-10,tmcilrathme@vk.com
5108756877530474,Venita O'Devey,2021-07-21,vodeveymf@printfriendly.com
3549125039792574,Lavinie Greenig,2022-03-21,lgreenigmg@usa.gov
201857712781798,Jeremias Matous,2022-04-11,jmatousmh@comsenz.com
374288272144535,Maurise Ixer,2021-06-08,mixermi@sourceforge.net
374288179704522,Wood Oliveira,2022-01-24,woliveiramj@mysql.com
589345923972580244,Renell Connow,2021-10-23,rconnowmk@studiopress.com
3587463163609220,Fan Aluard,2021-11-09,faluardml@tamu.edu
4508321125884709,Padgett Gibbe,2022-01-22,pgibbemm@mapquest.com
30096716812864,Sayers Campaigne,2021-10-04,scampaignemn@1und1.de
3579663447778523,Florence Sumers,2021-09-21,fsumersmo@liveinternet.ru
3545700319564614,Joellen Skaife,2021-06-05,jskaifemp@time.com
5602220394854470,Ruthy Alexander,2021-10-27,ralexandermq@tripadvisor.com
374288242519030,Vita Metherell,2022-02-04,vmetherellmr@drupal.org
4026211592233626,Bria Salling,2021-07-08,bsallingms@vimeo.com
337941397649863,Joshia Surmeir,2022-03-31,jsurmeirmt@google.com.au
5602252043936382,Astrid Gettins,2021-07-06,agettinsmu@weibo.com
5100143886658422,Harmonia Piegrome,2021-05-26,hpiegromemv@cafepress.com
30012551010068,Larissa Bronot,2021-11-29,lbronotmw@topsy.com
4903509712326550461,Alla Yakunchikov,2022-02-13,ayakunchikovmx@mashable.com
3564307843093213,Cort Cutajar,2022-01-08,ccutajarmy@youku.com
6381772281283697,Franky Spradbrow,2021-06-04,fspradbrowmz@zdnet.com
3576428188240502,Matt Coppock.,2022-01-07,mcoppockn0@utexas.edu
56103647212680645,Jocelin Haggar,2021-05-29,jhaggarn1@vimeo.com
3530953298160923,Bastian Westmacott,2021-06-30,bwestmacottn2@google.com.au
3548656041281280,Gallard Hinze,2022-01-24,ghinzen3@umn.edu
3547200335537957,Christoper Ruprich,2021-08-15,cruprichn4@skype.com
3587227480948243,Edwin Margerrison,2021-06-14,emargerrisonn5@earthlink.net
3588594650614551,Cyrille Whight,2021-12-02,cwhightn6@google.es
3540532895191321,Dionisio Stares,2021-05-27,dstaresn7@bandcamp.com
201985432302957,Joshuah Narramor,2021-06-06,jnarramorn8@linkedin.com
3585152210657009,Keir Littrell,2021-07-23,klittrelln9@weebly.com
3589820067223127,Leena Westcott,2021-08-23,lwestcottna@icq.com
348487423975671,Carley Portress,2021-05-28,cportressnb@techcrunch.com
5602251675541064,Nicolina Slack,2021-10-30,nslacknc@storify.com
3587027430430833,Maurita Massei,2022-02-14,mmasseind@comsenz.com
3536475942363129,Debra MacIlory,2022-01-13,dmaciloryne@friendfeed.com
3557201818259017,Sile Battson,2022-03-15,sbattsonnf@flavors.me
6767870230039170,Bryna Mathieu,2022-03-25,bmathieung@wordpress.org
3543656605808903,Dorri Shutte,2022-01-24,dshuttenh@aboutads.info
36869614711196,Aguistin Collum,2022-01-06,acollumni@ezinearticles.com
3584540890714366,Humbert Jerrim,2021-06-28,hjerrimnj@wiley.com
3531379395715758,Peria Keenor,2022-01-15,pkeenornk@ovh.net
5610753709727841,Emalee Wisedale,2021-09-22,ewisedalenl@canalblog.com
3573370257232254,Lola Zanioletti,2022-03-17,lzaniolettinm@vistaprint.com
5392461121301377,Nathanael Drought,2021-07-01,ndroughtnn@imageshack.us
30216771561996,Stacy Danbye,2022-01-17,sdanbyeno@slideshare.net
3560715815005458,Morgana Bentson,2021-06-13,mbentsonnp@google.com.au
370529430971895,Arden Bavester,2021-11-08,abavesternq@amazon.co.uk
493610500808534471,Jarrod St. Pierre,2021-10-23,jstnr@abc.net.au
5368380662174458,Waldon Andryushin,2022-02-06,wandryushinns@timesonline.co.uk
5100135999141759,Harmon Guiot,2022-03-22,hguiotnt@cpanel.net
5142307370431816,Jojo Zaple,2021-09-28,jzaplenu@creativecommons.org
3546329619884388,Chandal MacKomb,2021-12-10,cmackombnv@marketwatch.com
36678359707776,Winifield Keniwell,2021-10-10,wkeniwellnw@mozilla.org
060456128557174655,Angela Edinborough,2021-12-20,aedinboroughnx@nationalgeographic.com
3528706276469177,Harri Potteridge,2021-05-31,hpotteridgeny@va.gov
3564734872652306,Missie Prichard,2021-06-02,mprichardnz@businesswire.com
5100139838201741,Abram Galbraeth,2021-07-10,agalbraetho0@timesonline.co.uk
3564258931759506,Prisca Velti,2022-02-05,pveltio1@live.com
3528374080473396,Chloe Grisdale,2021-09-15,cgrisdaleo2@sbwire.com
201474515440406,Dan Chedgey,2021-06-02,dchedgeyo3@godaddy.com
633456167860601156,Rosette Litster,2022-02-26,rlitstero4@meetup.com
5018894453710632388,Junette Moss,2021-07-24,jmosso5@squidoo.com
5020633752174410,Darla Wilce,2021-09-09,dwilceo6@foxnews.com
5424378795983292,Jacobo Oby,2022-02-12,jobyo7@weather.com
36066691772692,Korie Bernardos,2022-01-28,kbernardoso8@godaddy.com
5255632908557193,Evangeline Becket,2021-06-03,ebecketo9@hibu.com
633110503788450409,Kizzie Hiddy,2022-03-21,khiddyoa@whitehouse.gov
5602216620960743,Cinderella Impson,2021-06-12,cimpsonob@webs.com
3544380674569473,Fanni Aleksich,2021-08-06,faleksichoc@foxnews.com
3589886947291444,Fairfax Darragh,2021-12-11,fdarraghod@ebay.co.uk
3544555767162019,Celle Winnister,2022-02-25,cwinnisteroe@typepad.com
3546585122475937,Kaia Poat,2021-12-20,kpoatof@nsw.gov.au
3529104103312969,Randie Carolan,2022-03-04,rcarolanog@odnoklassniki.ru
3581922997516386,Doro Nunn,2021-08-10,dnunnoh@etsy.com
670606993288565991,Willow Walkling,2021-07-03,wwalklingoi@free.fr
30194130021186,Riannon Chittenden,2022-03-19,rchittendenoj@state.tx.us
3542188721616417,Teri Llewellyn,2021-07-25,tllewellynok@alexa.com
3536116334080141,Justina Whitton,2021-11-02,jwhittonol@facebook.com
5610977694644592,Jade Gawthrope,2021-10-23,jgawthropeom@e-recht24.de
6333266212944996379,Theresita Manske,2022-03-03,tmanskeon@eventbrite.com
5100179983976374,Kean Tart,2021-12-09,ktartoo@wsj.com
676170416333110699,Fidel Kitney,2022-01-06,fkitneyop@soup.io
201849158956083,Stephan Gisborne,2021-05-23,sgisborneoq@joomla.org
4405779532795848,Heindrick Giacopetti,2021-07-22,hgiacopettior@github.com
5537311014423596,Lisha Duggan,2021-10-03,ldugganos@youku.com
3576913804973727,Obie Allenby,2022-02-19,oallenbyot@t-online.de
3565621466045535,Haskel Dye,2021-09-20,hdyeou@cbslocal.com
3537315574628622,Vanda De Morena,2021-08-24,vdeov@sciencedirect.com
30495428970095,Maurene Grist,2021-10-26,mgristow@macromedia.com
5641823029780389771,Karlan Cheston,2021-07-29,kchestonox@amazon.co.jp
3564832859327890,Ruthann Hakking,2021-12-23,rhakkingoy@jiathis.com
5602215461505013,Edsel Burdin,2021-07-13,eburdinoz@soup.io
56022180053381352,Joyous Yandle,2021-08-02,jyandlep0@sogou.com
67718740799422814,Aridatha End,2021-08-02,aendp1@webmd.com
6767222963374558,Roselin Martindale,2022-02-03,rmartindalep2@t-online.de
5048377850882866,Robyn Still,2021-11-08,rstillp3@mayoclinic.com
4936352000839583908,Dame Dubock,2021-12-01,ddubockp4@prweb.com
5602248459555385,Vinny Kohneke,2022-03-16,vkohnekep5@jalbum.net
3559646960797438,Tim Hull,2022-01-02,thullp6@cafepress.com
3549800032961836,Lonee Brounsell,2022-02-17,lbrounsellp7@bing.com
67597161354299644,Pauletta Moffet,2021-10-17,pmoffetp8@usgs.gov
560222567652806988,Haywood Lammerich,2021-09-16,hlammerichp9@oakley.com
201575191763141,Annadiana Winyard,2021-07-07,awinyardpa@bravesites.com
3570179237482290,Ebenezer Dryden,2021-07-16,edrydenpb@goo.ne.jp
3563480601936955,Curran Haythornthwaite,2022-04-15,chaythornthwaitepc@cisco.com
5119407093266470,Amandy Tunaclift,2021-06-07,atunacliftpd@dyndns.org
5602220311491406,Garrick Pegram,2022-03-24,gpegrampe@xing.com
201685128907255,Ronni Scola,2021-11-19,rscolapf@ycombinator.com
6395076215633702,Phillida Shemmin,2022-04-04,pshemminpg@yellowbook.com
3585407873166387,Carolin Bentke,2021-10-25,cbentkeph@histats.com
3581377801606891,Emera Standring,2021-12-18,estandringpi@umich.edu
5189183264414075,Corinne Wellbelove,2021-07-19,cwellbelovepj@mozilla.org
4017956262542786,Gwennie Coppin,2022-03-15,gcoppinpk@dmoz.org
3578496779515721,Jemmy Stocken,2021-12-27,jstockenpl@google.com.hk
201591269679200,Lyon Bladder,2022-03-31,lbladderpm@elpais.com
5307713770505003,Lory Elegood,2021-11-25,lelegoodpn@ft.com
3552828022880363,Janel Bolle,2021-10-26,jbollepo@bing.com
3585752872752095,Jada Van Eeden,2021-09-29,jvanpp@accuweather.com
5038582108296122,Jeremy Yuryshev,2021-08-11,jyuryshevpq@alexa.com
3540523473479535,Ryan Headley,2022-03-06,rheadleypr@jalbum.net
342903111196152,Edmund Cahan,2021-06-25,ecahanps@nba.com
5464411276359160,Dorian Franz,2022-02-10,dfranzpt@tumblr.com
6759803470270114,Lianna Blose,2022-04-06,lblosepu@gmpg.org
3557489513749446,Vere Gravett,2021-08-12,vgravettpv@bloglines.com
3571285948363270,Javier Milbank,2022-01-09,jmilbankpw@constantcontact.com
3566362065350302,Lil Masse,2021-10-03,lmassepx@auda.org.au
5100178476587334,Aldridge Anniwell,2021-12-15,aanniwellpy@symantec.com
201543476825233,Merry Abba,2021-05-24,mabbapz@craigslist.org
3588005934735351,Kass Lockwood,2021-12-30,klockwoodq0@over-blog.com
4913892277433015,Emile Tather,2021-05-29,etatherq1@tinypic.com
5100177984426068,Hobart Krauss,2021-07-30,hkraussq2@facebook.com
3534800369335544,Mella Sedgefield,2022-03-28,msedgefieldq3@netlog.com
3563479089559685,Ross Crickett,2021-12-24,rcrickettq4@marriott.com
3565927216601554,Eden Maslin,2021-06-24,emaslinq5@ycombinator.com
5010120376276153,Shepard Glusby,2021-11-18,sglusbyq6@ebay.com
3565821905720611,Manon Bellefonte,2022-03-07,mbellefonteq7@a8.net
3529837836011255,Vail Sowden,2021-08-20,vsowdenq8@so-net.ne.jp
6709112623934464,Huberto Blannin,2021-07-09,hblanninq9@aboutads.info
3568244639497058,Lester Steedman,2021-10-07,lsteedmanqa@msn.com
3572551237685809,Waly Insko,2021-11-01,winskoqb@reverbnation.com
6706030671416486,Chick Crosier,2021-11-10,ccrosierqc@ameblo.jp
201606841150643,Eolande Brendeke,2021-12-02,ebrendekeqd@skyrock.com
5002350507879845,Liane Goacher,2022-01-10,lgoacherqe@tamu.edu
344643416001487,Twila Millott,2021-10-03,tmillottqf@1und1.de
30011810984162,Travers Blayd,2021-12-27,tblaydqg@usatoday.com
30325756616608,La verne Rallings,2022-04-19,lverneqh@go.com
3534411453879874,Etheline Postan,2022-01-12,epostanqi@ovh.net
6759214889740574,Winn Esler,2021-06-29,weslerqj@imdb.com
201687789268183,Robbyn Phillcox,2021-10-10,rphillcoxqk@ning.com
5100173756844695,Sky Hartas,2021-11-29,shartasql@webmd.com
3538969918442584,Faber Slowly,2022-01-02,fslowlyqm@tinypic.com
3563588021439945,Marve Lannin,2021-08-29,mlanninqn@squarespace.com
3533319811341316,Beatrice Sirkett,2021-10-17,bsirkettqo@vkontakte.ru
3552320091886083,Bink Morales,2022-04-01,bmoralesqp@list-manage.com
3548752197949752,Earl Gayton,2022-03-08,egaytonqq@ow.ly
4844403986512158,Gilly Breckenridge,2021-06-08,gbreckenridgeqr@joomla.org
3533887122020043,Erhard Vasic,2021-09-20,evasicqs@prlog.org
63048143635182876,Bernelle Moyer,2021-07-21,bmoyerqt@ted.com
30073991270217,August Monget,2021-12-09,amongetqu@wp.com
6392298670843948,Knox Poletto,2022-01-23,kpolettoqv@csmonitor.com
5237746335524353,Rubin Nehl,2021-06-20,rnehlqw@tamu.edu
5602238050029527782,Basilius Sangster,2021-07-05,bsangsterqx@godaddy.com
3568694312715822,Ferd Olczyk,2022-01-09,folczykqy@zdnet.com
30415065481511,Edd Stidworthy,2021-11-10,estidworthyqz@who.int
3560246820553910,Hobey Ziehm,2022-03-30,hziehmr0@psu.edu
3585794976411574,Melonie Shimony,2021-11-07,mshimonyr1@drupal.org
3546662080101951,Janette Kimble,2022-02-26,jkimbler2@wordpress.com
4026034917257512,Ofella Leahy,2021-08-16,oleahyr3@yale.edu
3557865964556341,Onida Greatrex,2022-03-04,ogreatrexr4@independent.co.uk
5610766097561929,Juan Cheves,2022-01-23,jchevesr5@bing.com
6761383775168897,Keslie Fanthome,2021-12-16,kfanthomer6@freewebs.com
6759058441720871765,Weston Gartell,2021-11-17,wgartellr7@psu.edu
3578454183959324,Gustave Masse,2021-09-01,gmasser8@ask.com
5602245112869567,Berny Bunney,2021-07-02,bbunneyr9@homestead.com
3549409325813975,Arleta Wilkie,2021-11-30,awilkiera@1688.com
372029846697471,Vincent Oughton,2022-03-11,voughtonrb@github.io
5100149229215846,Agnella Schuler,2021-08-17,aschulerrc@ow.ly
6386394804653689,Tiler McGrowther,2022-04-11,tmcgrowtherrd@house.gov
3568376650807631,Kristoforo Denisard,2021-06-16,kdenisardre@epa.gov
5108753676180940,Ronda Murphy,2021-06-24,rmurphyrf@telegraph.co.uk
6709715561870850481,Concettina Weitzel,2021-07-08,cweitzelrg@phoca.cz
5010126979590577,Lem Brazier,2021-10-06,lbrazierrh@people.com.cn
3582749560826705,Margarethe Wakeman,2021-08-26,mwakemanri@pinterest.com
5100149042264054,Alix Fawlo,2021-11-18,afawlorj@lulu.com
201730980280472,Candie Pechell,2021-05-31,cpechellrk@google.pl
5602230433656745,Edithe Paxman,2021-12-30,epaxmanrl@nifty.com
6706336614480308492,Godfry Tilio,2022-03-22,gtiliorm@furl.net
3546102263710732,Maybelle Drewell,2021-12-11,mdrewellrn@flavors.me
201522957368772,Theressa Arro,2021-07-28,tarroro@symantec.com
3557536754676777,Turner Chitter,2022-02-05,tchitterrp@sitemeter.com
5583865905329496,Roda McKew,2021-09-05,rmckewrq@aol.com
5548407874811990,Laureen Peaden,2021-11-07,lpeadenrr@dion.ne.jp
